                  epoch,         train/box_loss,         train/cls_loss,         train/dfl_loss,   metrics/precision(B),      metrics/recall(B),       metrics/mAP50(B),    metrics/mAP50-95(B),           val/box_loss,           val/cls_loss,           val/dfl_loss,                 lr/pg0,                 lr/pg1,                 lr/pg2
                      1,                  1.745,                 7.6405,                 1.7691,                0.05982,                 0.0625,                0.03479,                0.02673,                 1.1702,                 6.3214,                 1.2679,                      0,                      0,                      0
                      2,                 1.7762,                 5.7727,                 1.6899,                0.02385,                 0.0625,                0.02999,                 0.0224,                 1.1478,                   6.12,                 1.2582,             1.3369e-05,             1.3369e-05,             1.3369e-05
                      3,                 1.7951,                 6.2565,                  1.774,                0.05063,                0.22917,                0.09672,                0.07026,                 1.1664,                 6.0014,                 1.2798,             2.0137e-05,             2.0137e-05,             2.0137e-05
                      4,                  1.835,                 5.4692,                 1.7514,                0.30499,                0.39583,                0.30699,                0.21741,                 1.1538,                 5.8537,                 1.2906,             2.0304e-05,             2.0304e-05,             2.0304e-05
                      5,                  1.676,                 5.2738,                 1.5923,                0.49165,                0.39583,                0.39609,                 0.3016,                 1.1522,                 5.8107,                 1.3196,             1.3869e-05,             1.3869e-05,             1.3869e-05
